Question,Answer
Tell me about iPhone 16.,The iPhone 16 features a 6.1 inch Super Retina XDR display with the A18 chip and a 48 MP Fusion camera and USB C charging.
What are the features of iPhone 16?,The iPhone 16 includes the A18 processor Apple Intelligence support a 48 MP camera an Action Button and USB C.
Explain iPhone 16.,The iPhone 16 delivers fast performance improved battery life a bright display and advanced camera features.
Why should I buy iPhone 16?,The iPhone 16 offers powerful performance excellent cameras long software support and Apple Intelligence features.
Is iPhone 16 worth buying?,Yes the iPhone 16 is a great choice for users who want modern features and long term software updates.
Which processor is used in iPhone 16?,The iPhone 16 is powered by the Apple A18 chip for fast performance and efficient battery usage.
Does iPhone 16 support Apple Intelligence?,Yes iPhone 16 supports Apple Intelligence features on supported software versions and supported regions.
Does iPhone 16 support 5G?,Yes the iPhone 16 supports fast 5G connectivity.
Does iPhone 16 support WiFi 7?,Yes the iPhone 16 supports WiFi 7 for faster wireless networking on compatible networks.
Does iPhone 16 support USB C?,Yes the iPhone 16 uses a USB C port for charging and data transfer.
What is the display size of iPhone 16?,The iPhone 16 has a 6.1 inch Super Retina XDR OLED display.
What is the camera specification of iPhone 16?,The iPhone 16 features a 48 MP Fusion main camera with a 12 MP Ultra Wide camera.
Can iPhone 16 record 4K video?,Yes the iPhone 16 supports high quality 4K video recording.
Does iPhone 16 support Night Mode?,Yes the iPhone 16 camera supports Night Mode for improved low light photography.
Does iPhone 16 have an Action Button?,Yes the iPhone 16 includes a customizable Action Button.
Does iPhone 16 support MagSafe?,Yes the iPhone 16 supports MagSafe charging and accessories.
Is iPhone 16 waterproof?,The iPhone 16 has an IP68 rating for water and dust resistance but it is not completely waterproof.
How long is the battery life of iPhone 16?,The iPhone 16 provides all day battery life during normal usage.
Does iPhone 16 support wireless charging?,Yes the iPhone 16 supports Qi wireless charging and MagSafe charging.
Who should buy iPhone 16?,The iPhone 16 is ideal for students professionals content creators and everyday users who want a premium smartphone.
Tell me about iPhone 16 Pro.,The iPhone 16 Pro is a premium smartphone with a 6.3 inch Super Retina XDR display and the A18 Pro chip.
What are the features of iPhone 16 Pro?,The iPhone 16 Pro includes the A18 Pro chip a titanium design Apple Intelligence support and a professional camera system.
Explain iPhone 16 Pro.,The iPhone 16 Pro offers high performance advanced cameras and premium build quality.
Is iPhone 16 Pro worth buying?,Yes the iPhone 16 Pro is an excellent choice for photography gaming and professional use.
Who should buy iPhone 16 Pro?,The iPhone 16 Pro is suitable for professionals creators gamers and photography enthusiasts.
Which processor is used in iPhone 16 Pro?,The iPhone 16 Pro is powered by the Apple A18 Pro chip.
Does iPhone 16 Pro support Apple Intelligence?,Yes the iPhone 16 Pro supports Apple Intelligence features.
Does iPhone 16 Pro support 5G?,Yes the iPhone 16 Pro supports high speed 5G connectivity.
Does iPhone 16 Pro support WiFi 7?,Yes the iPhone 16 Pro supports WiFi 7 on compatible networks.
Does iPhone 16 Pro have USB C?,Yes the iPhone 16 Pro uses a USB C port for charging and data transfer.
What is the display size of iPhone 16 Pro?,The iPhone 16 Pro features a 6.3 inch Super Retina XDR OLED display.
Does iPhone 16 Pro support ProMotion?,Yes the display supports ProMotion with an adaptive refresh rate up to 120Hz.
What is the camera specification of iPhone 16 Pro?,The iPhone 16 Pro features a 48 MP Fusion camera an Ultra Wide camera and a Telephoto camera.
Can iPhone 16 Pro record 4K video?,Yes the iPhone 16 Pro supports professional quality 4K video recording.
Does iPhone 16 Pro support Night Mode?,Yes Night Mode is available for photos and videos on supported cameras.
Does iPhone 16 Pro support MagSafe?,Yes the iPhone 16 Pro supports MagSafe charging and accessories.
Is iPhone 16 Pro waterproof?,The iPhone 16 Pro has an IP68 rating for water and dust resistance.
How long does the battery last on iPhone 16 Pro?,The iPhone 16 Pro provides all day battery life under normal usage.
Does iPhone 16 Pro support wireless charging?,Yes the iPhone 16 Pro supports Qi wireless charging and MagSafe charging.
What material is used in iPhone 16 Pro?,The iPhone 16 Pro features a lightweight and durable titanium design.
Tell me about iPhone 16 Pro Max.,The iPhone 16 Pro Max is Apple's flagship smartphone with a large display and advanced camera system.
What are the features of iPhone 16 Pro Max?,The iPhone 16 Pro Max includes the A18 Pro chip Apple Intelligence support a titanium design and a professional camera system.
Explain iPhone 16 Pro Max.,The iPhone 16 Pro Max delivers excellent performance premium design and long battery life.
Is iPhone 16 Pro Max worth buying?,Yes it is a great choice for users who want the best performance camera and battery life.
Who should buy iPhone 16 Pro Max?,The iPhone 16 Pro Max is ideal for professionals photographers gamers and content creators.
Which processor is used in iPhone 16 Pro Max?,The iPhone 16 Pro Max is powered by the Apple A18 Pro chip.
Does iPhone 16 Pro Max support Apple Intelligence?,Yes the iPhone 16 Pro Max supports Apple Intelligence features.
Does iPhone 16 Pro Max support 5G?,Yes the iPhone 16 Pro Max supports high speed 5G connectivity.
Does iPhone 16 Pro Max support WiFi 7?,Yes the iPhone 16 Pro Max supports WiFi 7 on compatible networks.
Does iPhone 16 Pro Max have USB C?,Yes the iPhone 16 Pro Max uses a USB C port for charging and data transfer.
What is the display size of iPhone 16 Pro Max?,The iPhone 16 Pro Max has a 6.9 inch Super Retina XDR OLED display.
Does iPhone 16 Pro Max support ProMotion?,Yes it supports an adaptive refresh rate up to 120Hz.
What is the camera specification of iPhone 16 Pro Max?,The iPhone 16 Pro Max features a 48 MP Fusion camera an Ultra Wide camera and a Telephoto camera with advanced zoom.
Can iPhone 16 Pro Max record 4K video?,Yes it supports professional quality 4K video recording.
Does iPhone 16 Pro Max support Night Mode?,Yes Night Mode is available for excellent low light photography.
Does iPhone 16 Pro Max support MagSafe?,Yes it supports MagSafe charging and MagSafe accessories.
Is iPhone 16 Pro Max waterproof?,The iPhone 16 Pro Max has an IP68 rating for water and dust resistance.
How long does the battery last on iPhone 16 Pro Max?,The iPhone 16 Pro Max offers the longest battery life among the iPhone 16 models.
Does iPhone 16 Pro Max support wireless charging?,Yes it supports Qi wireless charging and MagSafe charging.
What material is used in iPhone 16 Pro Max?,The iPhone 16 Pro Max features a lightweight and durable titanium design.
Which is better iPhone 16 or iPhone 16 Pro?,The iPhone 16 Pro offers a better display more advanced cameras and the A18 Pro chip while the iPhone 16 provides excellent value for everyday users.
Should I buy iPhone 16 or iPhone 16 Pro?,Choose the iPhone 16 for everyday use and choose the iPhone 16 Pro if you want professional camera features and a 120Hz display.
Which iPhone has the best camera?,The iPhone 16 Pro Max offers the most advanced camera system in the iPhone 16 lineup.
Which iPhone has the best battery life?,The iPhone 16 Pro Max provides the longest battery life among the iPhone 16 models.
Which iPhone is best for gaming?,The iPhone 16 Pro and iPhone 16 Pro Max are the best choices because of the A18 Pro chip and advanced graphics performance.
Which iPhone is best for photography?,The iPhone 16 Pro Max is the best option because of its advanced camera system and optical zoom.
Which iPhone is best for students?,The iPhone 16 is a great choice because it offers excellent performance at a lower price than the Pro models.
Which iPhone is best for business users?,The iPhone 16 Pro is ideal because it combines powerful performance with professional features.
Which iPhone has the biggest display?,The iPhone 16 Pro Max has the largest display in the iPhone 16 lineup.
Which iPhone is the most affordable?,The standard iPhone 16 is the most affordable model in the iPhone 16 series.
Does iPhone 16 have a better camera than iPhone 15?,The iPhone 16 includes camera improvements and enhanced image processing compared with the iPhone 15.
Is iPhone 16 faster than iPhone 15?,Yes the A18 chip delivers better performance and efficiency than the previous generation.
What is the difference between iPhone 16 and iPhone 16 Plus?,The iPhone 16 Plus has a larger display and a bigger battery while offering similar performance.
What is the difference between iPhone 16 Pro and Pro Max?,The Pro Max has a larger display longer battery life and enhanced zoom capabilities.
Which iPhone is best for video recording?,The iPhone 16 Pro Max is the best option because of its advanced camera features and recording capabilities.
Which iPhone is best for content creators?,The iPhone 16 Pro Max is ideal for content creators because of its camera system display and performance.
Does iPhone 16 support Apple Intelligence better than older models?,Yes the iPhone 16 lineup is designed to support Apple Intelligence features.
Which iPhone should I buy in 2026?,The best choice depends on your budget but the iPhone 16 lineup offers modern features and long software support.
Is iPhone 16 a good long term investment?,Yes the iPhone 16 series is expected to receive software updates for many years.
Which iPhone gives the best value for money?,The standard iPhone 16 provides an excellent balance of features performance and price.
Does iPhone 16 support fast charging?,Yes the iPhone 16 supports fast charging with a compatible USB C power adapter.
How long does it take to charge iPhone 16?,The charging time depends on the charger but fast charging can reach about fifty percent in around thirty minutes with a compatible adapter.
Does iPhone 16 support reverse wireless charging?,No the iPhone 16 does not support reverse wireless charging for other devices.
What type of charging port does iPhone 16 use?,The iPhone 16 uses a USB C charging port.
Does iPhone 16 come with a charger?,No the iPhone 16 box includes a USB C cable but does not include a power adapter.
Does iPhone 16 support MagSafe accessories?,Yes the iPhone 16 is compatible with MagSafe chargers wallets and cases.
How much storage is available in iPhone 16?,Storage options vary by model and include capacities such as 128 GB 256 GB and 512 GB with higher options on Pro models.
Can I expand the storage on iPhone 16?,No iPhone 16 does not support memory cards for storage expansion.
Does iPhone 16 have Face ID?,Yes every iPhone 16 model includes Face ID for secure authentication.
Is Face ID secure on iPhone 16?,Yes Face ID uses advanced facial recognition technology to unlock the device securely.
Can I unlock iPhone 16 with my face?,Yes Face ID allows you to unlock your iPhone using facial recognition.
Does iPhone 16 support Emergency SOS?,Yes Emergency SOS allows users to quickly contact emergency services.
Can I use Apple Pay on iPhone 16?,Yes Apple Pay is supported for secure contactless payments.
Does iPhone 16 support eSIM?,Yes iPhone 16 supports eSIM and selected models also support a physical SIM depending on the region.
Can I use two SIM cards on iPhone 16?,Yes supported models allow Dual SIM functionality using eSIM or a physical SIM depending on the region.
How many years will iPhone 16 receive software updates?,Apple generally provides software updates for many years making the iPhone 16 suitable for long term use.
Is iPhone 16 good for photography?,Yes the advanced camera system captures detailed photos with excellent color and low light performance.
Is iPhone 16 good for video editing?,Yes the A18 chip provides powerful performance for editing photos and videos.
Should I upgrade from iPhone 14 to iPhone 16?,If you want better performance improved cameras Apple Intelligence and USB C then upgrading to iPhone 16 is a good choice.
Why should I choose iPhone 16 over other smartphones?,The iPhone 16 offers powerful performance long software support excellent cameras strong security and seamless integration with the Apple ecosystem.